Week,Category,Working Title,Question Number,Question,Answer A,Answer B,Answer C,Answer D,Correct Answer,Answer Explanation / Fun Fact,Source / Fact-Check Notes,Publish Status,Editor Notes
1,Presidents,"America 250 Quiz: Test yourself on presidents, power and pivotal moments",1,Who was the first president of the United States?,John Adams,George Washington,Thomas Jefferson,James Madison,B. George Washington,George Washington became the first U.S. president in 1789 and remains the only president unanimously chosen by the Electoral College.,,Drafted - needs fact-check,
1,Presidents,"America 250 Quiz: Test yourself on presidents, power and pivotal moments",2,Who was the first president to live in the White House?,George Washington,John Adams,Thomas Jefferson,James Monroe,B. John Adams,John Adams moved into the unfinished Executive Mansion in 1800. George Washington selected the site but never lived there.,,Drafted - needs fact-check,
1,Presidents,"America 250 Quiz: Test yourself on presidents, power and pivotal moments",3,Which president approved the Louisiana Purchase in 1803?,Thomas Jefferson,James Madison,Andrew Jackson,James K. Polk,A. Thomas Jefferson,"Thomas Jefferson's administration purchased the Louisiana Territory from France, dramatically expanding the size of the United States.",,Drafted - needs fact-check,
1,Presidents,"America 250 Quiz: Test yourself on presidents, power and pivotal moments",4,Which president delivered the Gettysburg Address?,Ulysses S. Grant,Abraham Lincoln,Andrew Johnson,Rutherford B. Hayes,B. Abraham Lincoln,"Abraham Lincoln delivered the Gettysburg Address in 1863, dedicating a cemetery at the Pennsylvania battlefield.",,Drafted - needs fact-check,
1,Presidents,"America 250 Quiz: Test yourself on presidents, power and pivotal moments",5,Which president served more than two terms in office?,Theodore Roosevelt,Woodrow Wilson,Franklin D. Roosevelt,Harry S. Truman,C. Franklin D. Roosevelt,Franklin D. Roosevelt was elected four times. The 22nd Amendment later limited presidents to two elected terms.,,Drafted - needs fact-check,
1,Presidents,"America 250 Quiz: Test yourself on presidents, power and pivotal moments",6,"Which president was nicknamed ""Old Hickory""?",Andrew Jackson,Zachary Taylor,William Henry Harrison,Ulysses S. Grant,A. Andrew Jackson,"Andrew Jackson earned the nickname ""Old Hickory"" from soldiers who compared his toughness to hickory wood.",,Drafted - needs fact-check,
1,Presidents,"America 250 Quiz: Test yourself on presidents, power and pivotal moments",7,Which president had been a Hollywood actor before entering national politics?,Richard Nixon,Ronald Reagan,Jimmy Carter,Gerald Ford,B. Ronald Reagan,Ronald Reagan appeared in films and television before serving as California governor and later as the 40th president.,,Drafted - needs fact-check,
1,Presidents,"America 250 Quiz: Test yourself on presidents, power and pivotal moments",8,Which president signed the Emancipation Proclamation?,Abraham Lincoln,Andrew Johnson,James Buchanan,Ulysses S. Grant,A. Abraham Lincoln,"Abraham Lincoln issued the Emancipation Proclamation during the Civil War; it took effect on Jan. 1, 1863.",,Drafted - needs fact-check,
1,Presidents,"America 250 Quiz: Test yourself on presidents, power and pivotal moments",9,Who was the youngest person ever elected president of the United States?,Theodore Roosevelt,John F. Kennedy,Bill Clinton,Barack Obama,B. John F. Kennedy,"John F. Kennedy was 43 when elected in 1960. Theodore Roosevelt became president at 42 after William McKinley's assassination, but he was not first elected at that age.",,Drafted - needs fact-check,
1,Presidents,"America 250 Quiz: Test yourself on presidents, power and pivotal moments",10,Which president signed the act creating the National Park Service in 1916?,Theodore Roosevelt,William Howard Taft,Woodrow Wilson,Franklin D. Roosevelt,C. Woodrow Wilson,"Woodrow Wilson signed the Organic Act in 1916, establishing the National Park Service within the Department of the Interior.",,Drafted - needs fact-check,
2,Founding Fathers,"America 250 Quiz: Test yourself on founders, freedom and famous signatures",1,,,,,,,,,Needs draft,
2,Founding Fathers,"America 250 Quiz: Test yourself on founders, freedom and famous signatures",2,,,,,,,,,Needs draft,
2,Founding Fathers,"America 250 Quiz: Test yourself on founders, freedom and famous signatures",3,,,,,,,,,Needs draft,
2,Founding Fathers,"America 250 Quiz: Test yourself on founders, freedom and famous signatures",4,,,,,,,,,Needs draft,
2,Founding Fathers,"America 250 Quiz: Test yourself on founders, freedom and famous signatures",5,,,,,,,,,Needs draft,
2,Founding Fathers,"America 250 Quiz: Test yourself on founders, freedom and famous signatures",6,,,,,,,,,Needs draft,
2,Founding Fathers,"America 250 Quiz: Test yourself on founders, freedom and famous signatures",7,,,,,,,,,Needs draft,
2,Founding Fathers,"America 250 Quiz: Test yourself on founders, freedom and famous signatures",8,,,,,,,,,Needs draft,
2,Founding Fathers,"America 250 Quiz: Test yourself on founders, freedom and famous signatures",9,,,,,,,,,Needs draft,
2,Founding Fathers,"America 250 Quiz: Test yourself on founders, freedom and famous signatures",10,,,,,,,,,Needs draft,
3,Revolutionary War,"America 250 Quiz: Test yourself on battles, patriots and independence",1,,,,,,,,,Needs draft,
3,Revolutionary War,"America 250 Quiz: Test yourself on battles, patriots and independence",2,,,,,,,,,Needs draft,
3,Revolutionary War,"America 250 Quiz: Test yourself on battles, patriots and independence",3,,,,,,,,,Needs draft,
3,Revolutionary War,"America 250 Quiz: Test yourself on battles, patriots and independence",4,,,,,,,,,Needs draft,
3,Revolutionary War,"America 250 Quiz: Test yourself on battles, patriots and independence",5,,,,,,,,,Needs draft,
3,Revolutionary War,"America 250 Quiz: Test yourself on battles, patriots and independence",6,,,,,,,,,Needs draft,
3,Revolutionary War,"America 250 Quiz: Test yourself on battles, patriots and independence",7,,,,,,,,,Needs draft,
3,Revolutionary War,"America 250 Quiz: Test yourself on battles, patriots and independence",8,,,,,,,,,Needs draft,
3,Revolutionary War,"America 250 Quiz: Test yourself on battles, patriots and independence",9,,,,,,,,,Needs draft,
3,Revolutionary War,"America 250 Quiz: Test yourself on battles, patriots and independence",10,,,,,,,,,Needs draft,
4,Constitution and Bill of Rights,America 250 Quiz: Test yourself on the Constitution and America's founding rules,1,,,,,,,,,Needs draft,
4,Constitution and Bill of Rights,America 250 Quiz: Test yourself on the Constitution and America's founding rules,2,,,,,,,,,Needs draft,
4,Constitution and Bill of Rights,America 250 Quiz: Test yourself on the Constitution and America's founding rules,3,,,,,,,,,Needs draft,
4,Constitution and Bill of Rights,America 250 Quiz: Test yourself on the Constitution and America's founding rules,4,,,,,,,,,Needs draft,
4,Constitution and Bill of Rights,America 250 Quiz: Test yourself on the Constitution and America's founding rules,5,,,,,,,,,Needs draft,
4,Constitution and Bill of Rights,America 250 Quiz: Test yourself on the Constitution and America's founding rules,6,,,,,,,,,Needs draft,
4,Constitution and Bill of Rights,America 250 Quiz: Test yourself on the Constitution and America's founding rules,7,,,,,,,,,Needs draft,
4,Constitution and Bill of Rights,America 250 Quiz: Test yourself on the Constitution and America's founding rules,8,,,,,,,,,Needs draft,
4,Constitution and Bill of Rights,America 250 Quiz: Test yourself on the Constitution and America's founding rules,9,,,,,,,,,Needs draft,
4,Constitution and Bill of Rights,America 250 Quiz: Test yourself on the Constitution and America's founding rules,10,,,,,,,,,Needs draft,
5,Military History,"America 250 Quiz: Test yourself on heroes, battles and American service",1,,,,,,,,,Needs draft,
5,Military History,"America 250 Quiz: Test yourself on heroes, battles and American service",2,,,,,,,,,Needs draft,
5,Military History,"America 250 Quiz: Test yourself on heroes, battles and American service",3,,,,,,,,,Needs draft,
5,Military History,"America 250 Quiz: Test yourself on heroes, battles and American service",4,,,,,,,,,Needs draft,
5,Military History,"America 250 Quiz: Test yourself on heroes, battles and American service",5,,,,,,,,,Needs draft,
5,Military History,"America 250 Quiz: Test yourself on heroes, battles and American service",6,,,,,,,,,Needs draft,
5,Military History,"America 250 Quiz: Test yourself on heroes, battles and American service",7,,,,,,,,,Needs draft,
5,Military History,"America 250 Quiz: Test yourself on heroes, battles and American service",8,,,,,,,,,Needs draft,
5,Military History,"America 250 Quiz: Test yourself on heroes, battles and American service",9,,,,,,,,,Needs draft,
5,Military History,"America 250 Quiz: Test yourself on heroes, battles and American service",10,,,,,,,,,Needs draft,
6,Civil War and Reconstruction,America 250 Quiz: Test yourself on the Civil War and the nation reunited,1,,,,,,,,,Needs draft,
6,Civil War and Reconstruction,America 250 Quiz: Test yourself on the Civil War and the nation reunited,2,,,,,,,,,Needs draft,
6,Civil War and Reconstruction,America 250 Quiz: Test yourself on the Civil War and the nation reunited,3,,,,,,,,,Needs draft,
6,Civil War and Reconstruction,America 250 Quiz: Test yourself on the Civil War and the nation reunited,4,,,,,,,,,Needs draft,
6,Civil War and Reconstruction,America 250 Quiz: Test yourself on the Civil War and the nation reunited,5,,,,,,,,,Needs draft,
6,Civil War and Reconstruction,America 250 Quiz: Test yourself on the Civil War and the nation reunited,6,,,,,,,,,Needs draft,
6,Civil War and Reconstruction,America 250 Quiz: Test yourself on the Civil War and the nation reunited,7,,,,,,,,,Needs draft,
6,Civil War and Reconstruction,America 250 Quiz: Test yourself on the Civil War and the nation reunited,8,,,,,,,,,Needs draft,
6,Civil War and Reconstruction,America 250 Quiz: Test yourself on the Civil War and the nation reunited,9,,,,,,,,,Needs draft,
6,Civil War and Reconstruction,America 250 Quiz: Test yourself on the Civil War and the nation reunited,10,,,,,,,,,Needs draft,
7,American Inventions,America 250 Quiz: Test yourself on inventions that changed the nation,1,,,,,,,,,Needs draft,
7,American Inventions,America 250 Quiz: Test yourself on inventions that changed the nation,2,,,,,,,,,Needs draft,
7,American Inventions,America 250 Quiz: Test yourself on inventions that changed the nation,3,,,,,,,,,Needs draft,
7,American Inventions,America 250 Quiz: Test yourself on inventions that changed the nation,4,,,,,,,,,Needs draft,
7,American Inventions,America 250 Quiz: Test yourself on inventions that changed the nation,5,,,,,,,,,Needs draft,
7,American Inventions,America 250 Quiz: Test yourself on inventions that changed the nation,6,,,,,,,,,Needs draft,
7,American Inventions,America 250 Quiz: Test yourself on inventions that changed the nation,7,,,,,,,,,Needs draft,
7,American Inventions,America 250 Quiz: Test yourself on inventions that changed the nation,8,,,,,,,,,Needs draft,
7,American Inventions,America 250 Quiz: Test yourself on inventions that changed the nation,9,,,,,,,,,Needs draft,
7,American Inventions,America 250 Quiz: Test yourself on inventions that changed the nation,10,,,,,,,,,Needs draft,
8,Space and Science,"America 250 Quiz: Test yourself on rockets, astronauts and scientific breakthroughs",1,,,,,,,,,Needs draft,
8,Space and Science,"America 250 Quiz: Test yourself on rockets, astronauts and scientific breakthroughs",2,,,,,,,,,Needs draft,
8,Space and Science,"America 250 Quiz: Test yourself on rockets, astronauts and scientific breakthroughs",3,,,,,,,,,Needs draft,
8,Space and Science,"America 250 Quiz: Test yourself on rockets, astronauts and scientific breakthroughs",4,,,,,,,,,Needs draft,
8,Space and Science,"America 250 Quiz: Test yourself on rockets, astronauts and scientific breakthroughs",5,,,,,,,,,Needs draft,
8,Space and Science,"America 250 Quiz: Test yourself on rockets, astronauts and scientific breakthroughs",6,,,,,,,,,Needs draft,
8,Space and Science,"America 250 Quiz: Test yourself on rockets, astronauts and scientific breakthroughs",7,,,,,,,,,Needs draft,
8,Space and Science,"America 250 Quiz: Test yourself on rockets, astronauts and scientific breakthroughs",8,,,,,,,,,Needs draft,
8,Space and Science,"America 250 Quiz: Test yourself on rockets, astronauts and scientific breakthroughs",9,,,,,,,,,Needs draft,
8,Space and Science,"America 250 Quiz: Test yourself on rockets, astronauts and scientific breakthroughs",10,,,,,,,,,Needs draft,
9,Music,"America 250 Quiz: Test yourself on jazz, rock, country and American sound",1,,,,,,,,,Needs draft,
9,Music,"America 250 Quiz: Test yourself on jazz, rock, country and American sound",2,,,,,,,,,Needs draft,
9,Music,"America 250 Quiz: Test yourself on jazz, rock, country and American sound",3,,,,,,,,,Needs draft,
9,Music,"America 250 Quiz: Test yourself on jazz, rock, country and American sound",4,,,,,,,,,Needs draft,
9,Music,"America 250 Quiz: Test yourself on jazz, rock, country and American sound",5,,,,,,,,,Needs draft,
9,Music,"America 250 Quiz: Test yourself on jazz, rock, country and American sound",6,,,,,,,,,Needs draft,
9,Music,"America 250 Quiz: Test yourself on jazz, rock, country and American sound",7,,,,,,,,,Needs draft,
9,Music,"America 250 Quiz: Test yourself on jazz, rock, country and American sound",8,,,,,,,,,Needs draft,
9,Music,"America 250 Quiz: Test yourself on jazz, rock, country and American sound",9,,,,,,,,,Needs draft,
9,Music,"America 250 Quiz: Test yourself on jazz, rock, country and American sound",10,,,,,,,,,Needs draft,
10,Food,America 250 Quiz: Test yourself on iconic bites and American food firsts,1,,,,,,,,,Needs draft,
10,Food,America 250 Quiz: Test yourself on iconic bites and American food firsts,2,,,,,,,,,Needs draft,
10,Food,America 250 Quiz: Test yourself on iconic bites and American food firsts,3,,,,,,,,,Needs draft,
10,Food,America 250 Quiz: Test yourself on iconic bites and American food firsts,4,,,,,,,,,Needs draft,
10,Food,America 250 Quiz: Test yourself on iconic bites and American food firsts,5,,,,,,,,,Needs draft,
10,Food,America 250 Quiz: Test yourself on iconic bites and American food firsts,6,,,,,,,,,Needs draft,
10,Food,America 250 Quiz: Test yourself on iconic bites and American food firsts,7,,,,,,,,,Needs draft,
10,Food,America 250 Quiz: Test yourself on iconic bites and American food firsts,8,,,,,,,,,Needs draft,
10,Food,America 250 Quiz: Test yourself on iconic bites and American food firsts,9,,,,,,,,,Needs draft,
10,Food,America 250 Quiz: Test yourself on iconic bites and American food firsts,10,,,,,,,,,Needs draft,
11,Sports,"America 250 Quiz: Test yourself on champions, stadiums and great games",1,,,,,,,,,Needs draft,
11,Sports,"America 250 Quiz: Test yourself on champions, stadiums and great games",2,,,,,,,,,Needs draft,
11,Sports,"America 250 Quiz: Test yourself on champions, stadiums and great games",3,,,,,,,,,Needs draft,
11,Sports,"America 250 Quiz: Test yourself on champions, stadiums and great games",4,,,,,,,,,Needs draft,
11,Sports,"America 250 Quiz: Test yourself on champions, stadiums and great games",5,,,,,,,,,Needs draft,
11,Sports,"America 250 Quiz: Test yourself on champions, stadiums and great games",6,,,,,,,,,Needs draft,
11,Sports,"America 250 Quiz: Test yourself on champions, stadiums and great games",7,,,,,,,,,Needs draft,
11,Sports,"America 250 Quiz: Test yourself on champions, stadiums and great games",8,,,,,,,,,Needs draft,
11,Sports,"America 250 Quiz: Test yourself on champions, stadiums and great games",9,,,,,,,,,Needs draft,
11,Sports,"America 250 Quiz: Test yourself on champions, stadiums and great games",10,,,,,,,,,Needs draft,
12,First Ladies,America 250 Quiz: Test yourself on first ladies and their legacies,1,,,,,,,,,Needs draft,
12,First Ladies,America 250 Quiz: Test yourself on first ladies and their legacies,2,,,,,,,,,Needs draft,
12,First Ladies,America 250 Quiz: Test yourself on first ladies and their legacies,3,,,,,,,,,Needs draft,
12,First Ladies,America 250 Quiz: Test yourself on first ladies and their legacies,4,,,,,,,,,Needs draft,
12,First Ladies,America 250 Quiz: Test yourself on first ladies and their legacies,5,,,,,,,,,Needs draft,
12,First Ladies,America 250 Quiz: Test yourself on first ladies and their legacies,6,,,,,,,,,Needs draft,
12,First Ladies,America 250 Quiz: Test yourself on first ladies and their legacies,7,,,,,,,,,Needs draft,
12,First Ladies,America 250 Quiz: Test yourself on first ladies and their legacies,8,,,,,,,,,Needs draft,
12,First Ladies,America 250 Quiz: Test yourself on first ladies and their legacies,9,,,,,,,,,Needs draft,
12,First Ladies,America 250 Quiz: Test yourself on first ladies and their legacies,10,,,,,,,,,Needs draft,
13,National Parks and Landmarks,"America 250 Quiz: Test yourself on parks, peaks and treasured places",1,,,,,,,,,Needs draft,
13,National Parks and Landmarks,"America 250 Quiz: Test yourself on parks, peaks and treasured places",2,,,,,,,,,Needs draft,
13,National Parks and Landmarks,"America 250 Quiz: Test yourself on parks, peaks and treasured places",3,,,,,,,,,Needs draft,
13,National Parks and Landmarks,"America 250 Quiz: Test yourself on parks, peaks and treasured places",4,,,,,,,,,Needs draft,
13,National Parks and Landmarks,"America 250 Quiz: Test yourself on parks, peaks and treasured places",5,,,,,,,,,Needs draft,
13,National Parks and Landmarks,"America 250 Quiz: Test yourself on parks, peaks and treasured places",6,,,,,,,,,Needs draft,
13,National Parks and Landmarks,"America 250 Quiz: Test yourself on parks, peaks and treasured places",7,,,,,,,,,Needs draft,
13,National Parks and Landmarks,"America 250 Quiz: Test yourself on parks, peaks and treasured places",8,,,,,,,,,Needs draft,
13,National Parks and Landmarks,"America 250 Quiz: Test yourself on parks, peaks and treasured places",9,,,,,,,,,Needs draft,
13,National Parks and Landmarks,"America 250 Quiz: Test yourself on parks, peaks and treasured places",10,,,,,,,,,Needs draft,
14,U.S. Symbols,"America 250 Quiz: Test yourself on flags, eagles and national emblems",1,,,,,,,,,Needs draft,
14,U.S. Symbols,"America 250 Quiz: Test yourself on flags, eagles and national emblems",2,,,,,,,,,Needs draft,
14,U.S. Symbols,"America 250 Quiz: Test yourself on flags, eagles and national emblems",3,,,,,,,,,Needs draft,
14,U.S. Symbols,"America 250 Quiz: Test yourself on flags, eagles and national emblems",4,,,,,,,,,Needs draft,
14,U.S. Symbols,"America 250 Quiz: Test yourself on flags, eagles and national emblems",5,,,,,,,,,Needs draft,
14,U.S. Symbols,"America 250 Quiz: Test yourself on flags, eagles and national emblems",6,,,,,,,,,Needs draft,
14,U.S. Symbols,"America 250 Quiz: Test yourself on flags, eagles and national emblems",7,,,,,,,,,Needs draft,
14,U.S. Symbols,"America 250 Quiz: Test yourself on flags, eagles and national emblems",8,,,,,,,,,Needs draft,
14,U.S. Symbols,"America 250 Quiz: Test yourself on flags, eagles and national emblems",9,,,,,,,,,Needs draft,
14,U.S. Symbols,"America 250 Quiz: Test yourself on flags, eagles and national emblems",10,,,,,,,,,Needs draft,
15,Immigration,"America 250 Quiz: Test yourself on Ellis Island, newcomers and American dreams",1,,,,,,,,,Needs draft,
15,Immigration,"America 250 Quiz: Test yourself on Ellis Island, newcomers and American dreams",2,,,,,,,,,Needs draft,
15,Immigration,"America 250 Quiz: Test yourself on Ellis Island, newcomers and American dreams",3,,,,,,,,,Needs draft,
15,Immigration,"America 250 Quiz: Test yourself on Ellis Island, newcomers and American dreams",4,,,,,,,,,Needs draft,
15,Immigration,"America 250 Quiz: Test yourself on Ellis Island, newcomers and American dreams",5,,,,,,,,,Needs draft,
15,Immigration,"America 250 Quiz: Test yourself on Ellis Island, newcomers and American dreams",6,,,,,,,,,Needs draft,
15,Immigration,"America 250 Quiz: Test yourself on Ellis Island, newcomers and American dreams",7,,,,,,,,,Needs draft,
15,Immigration,"America 250 Quiz: Test yourself on Ellis Island, newcomers and American dreams",8,,,,,,,,,Needs draft,
15,Immigration,"America 250 Quiz: Test yourself on Ellis Island, newcomers and American dreams",9,,,,,,,,,Needs draft,
15,Immigration,"America 250 Quiz: Test yourself on Ellis Island, newcomers and American dreams",10,,,,,,,,,Needs draft,
16,Westward Expansion,"America 250 Quiz: Test yourself on trails, territories and the American West",1,,,,,,,,,Needs draft,
16,Westward Expansion,"America 250 Quiz: Test yourself on trails, territories and the American West",2,,,,,,,,,Needs draft,
16,Westward Expansion,"America 250 Quiz: Test yourself on trails, territories and the American West",3,,,,,,,,,Needs draft,
16,Westward Expansion,"America 250 Quiz: Test yourself on trails, territories and the American West",4,,,,,,,,,Needs draft,
16,Westward Expansion,"America 250 Quiz: Test yourself on trails, territories and the American West",5,,,,,,,,,Needs draft,
16,Westward Expansion,"America 250 Quiz: Test yourself on trails, territories and the American West",6,,,,,,,,,Needs draft,
16,Westward Expansion,"America 250 Quiz: Test yourself on trails, territories and the American West",7,,,,,,,,,Needs draft,
16,Westward Expansion,"America 250 Quiz: Test yourself on trails, territories and the American West",8,,,,,,,,,Needs draft,
16,Westward Expansion,"America 250 Quiz: Test yourself on trails, territories and the American West",9,,,,,,,,,Needs draft,
16,Westward Expansion,"America 250 Quiz: Test yourself on trails, territories and the American West",10,,,,,,,,,Needs draft,
17,Civil Rights,"America 250 Quiz: Test yourself on rights, reformers and landmark victories",1,,,,,,,,,Needs draft,
17,Civil Rights,"America 250 Quiz: Test yourself on rights, reformers and landmark victories",2,,,,,,,,,Needs draft,
17,Civil Rights,"America 250 Quiz: Test yourself on rights, reformers and landmark victories",3,,,,,,,,,Needs draft,
17,Civil Rights,"America 250 Quiz: Test yourself on rights, reformers and landmark victories",4,,,,,,,,,Needs draft,
17,Civil Rights,"America 250 Quiz: Test yourself on rights, reformers and landmark victories",5,,,,,,,,,Needs draft,
17,Civil Rights,"America 250 Quiz: Test yourself on rights, reformers and landmark victories",6,,,,,,,,,Needs draft,
17,Civil Rights,"America 250 Quiz: Test yourself on rights, reformers and landmark victories",7,,,,,,,,,Needs draft,
17,Civil Rights,"America 250 Quiz: Test yourself on rights, reformers and landmark victories",8,,,,,,,,,Needs draft,
17,Civil Rights,"America 250 Quiz: Test yourself on rights, reformers and landmark victories",9,,,,,,,,,Needs draft,
17,Civil Rights,"America 250 Quiz: Test yourself on rights, reformers and landmark victories",10,,,,,,,,,Needs draft,
18,Literature,"America 250 Quiz: Test yourself on authors, novels and American words",1,,,,,,,,,Needs draft,
18,Literature,"America 250 Quiz: Test yourself on authors, novels and American words",2,,,,,,,,,Needs draft,
18,Literature,"America 250 Quiz: Test yourself on authors, novels and American words",3,,,,,,,,,Needs draft,
18,Literature,"America 250 Quiz: Test yourself on authors, novels and American words",4,,,,,,,,,Needs draft,
18,Literature,"America 250 Quiz: Test yourself on authors, novels and American words",5,,,,,,,,,Needs draft,
18,Literature,"America 250 Quiz: Test yourself on authors, novels and American words",6,,,,,,,,,Needs draft,
18,Literature,"America 250 Quiz: Test yourself on authors, novels and American words",7,,,,,,,,,Needs draft,
18,Literature,"America 250 Quiz: Test yourself on authors, novels and American words",8,,,,,,,,,Needs draft,
18,Literature,"America 250 Quiz: Test yourself on authors, novels and American words",9,,,,,,,,,Needs draft,
18,Literature,"America 250 Quiz: Test yourself on authors, novels and American words",10,,,,,,,,,Needs draft,
19,Hollywood and Entertainment,"America 250 Quiz: Test yourself on movies, TV and American stars",1,,,,,,,,,Needs draft,
19,Hollywood and Entertainment,"America 250 Quiz: Test yourself on movies, TV and American stars",2,,,,,,,,,Needs draft,
19,Hollywood and Entertainment,"America 250 Quiz: Test yourself on movies, TV and American stars",3,,,,,,,,,Needs draft,
19,Hollywood and Entertainment,"America 250 Quiz: Test yourself on movies, TV and American stars",4,,,,,,,,,Needs draft,
19,Hollywood and Entertainment,"America 250 Quiz: Test yourself on movies, TV and American stars",5,,,,,,,,,Needs draft,
19,Hollywood and Entertainment,"America 250 Quiz: Test yourself on movies, TV and American stars",6,,,,,,,,,Needs draft,
19,Hollywood and Entertainment,"America 250 Quiz: Test yourself on movies, TV and American stars",7,,,,,,,,,Needs draft,
19,Hollywood and Entertainment,"America 250 Quiz: Test yourself on movies, TV and American stars",8,,,,,,,,,Needs draft,
19,Hollywood and Entertainment,"America 250 Quiz: Test yourself on movies, TV and American stars",9,,,,,,,,,Needs draft,
19,Hollywood and Entertainment,"America 250 Quiz: Test yourself on movies, TV and American stars",10,,,,,,,,,Needs draft,
20,States and Capitals,"America 250 Quiz: Test yourself on states, capitals and quirky nicknames",1,,,,,,,,,Needs draft,
20,States and Capitals,"America 250 Quiz: Test yourself on states, capitals and quirky nicknames",2,,,,,,,,,Needs draft,
20,States and Capitals,"America 250 Quiz: Test yourself on states, capitals and quirky nicknames",3,,,,,,,,,Needs draft,
20,States and Capitals,"America 250 Quiz: Test yourself on states, capitals and quirky nicknames",4,,,,,,,,,Needs draft,
20,States and Capitals,"America 250 Quiz: Test yourself on states, capitals and quirky nicknames",5,,,,,,,,,Needs draft,
20,States and Capitals,"America 250 Quiz: Test yourself on states, capitals and quirky nicknames",6,,,,,,,,,Needs draft,
20,States and Capitals,"America 250 Quiz: Test yourself on states, capitals and quirky nicknames",7,,,,,,,,,Needs draft,
20,States and Capitals,"America 250 Quiz: Test yourself on states, capitals and quirky nicknames",8,,,,,,,,,Needs draft,
20,States and Capitals,"America 250 Quiz: Test yourself on states, capitals and quirky nicknames",9,,,,,,,,,Needs draft,
20,States and Capitals,"America 250 Quiz: Test yourself on states, capitals and quirky nicknames",10,,,,,,,,,Needs draft,
21,Famous Speeches,America 250 Quiz: Test yourself on words that moved America,1,,,,,,,,,Needs draft,
21,Famous Speeches,America 250 Quiz: Test yourself on words that moved America,2,,,,,,,,,Needs draft,
21,Famous Speeches,America 250 Quiz: Test yourself on words that moved America,3,,,,,,,,,Needs draft,
21,Famous Speeches,America 250 Quiz: Test yourself on words that moved America,4,,,,,,,,,Needs draft,
21,Famous Speeches,America 250 Quiz: Test yourself on words that moved America,5,,,,,,,,,Needs draft,
21,Famous Speeches,America 250 Quiz: Test yourself on words that moved America,6,,,,,,,,,Needs draft,
21,Famous Speeches,America 250 Quiz: Test yourself on words that moved America,7,,,,,,,,,Needs draft,
21,Famous Speeches,America 250 Quiz: Test yourself on words that moved America,8,,,,,,,,,Needs draft,
21,Famous Speeches,America 250 Quiz: Test yourself on words that moved America,9,,,,,,,,,Needs draft,
21,Famous Speeches,America 250 Quiz: Test yourself on words that moved America,10,,,,,,,,,Needs draft,
22,Business and Industry,"America 250 Quiz: Test yourself on entrepreneurs, brands and big ideas",1,,,,,,,,,Needs draft,
22,Business and Industry,"America 250 Quiz: Test yourself on entrepreneurs, brands and big ideas",2,,,,,,,,,Needs draft,
22,Business and Industry,"America 250 Quiz: Test yourself on entrepreneurs, brands and big ideas",3,,,,,,,,,Needs draft,
22,Business and Industry,"America 250 Quiz: Test yourself on entrepreneurs, brands and big ideas",4,,,,,,,,,Needs draft,
22,Business and Industry,"America 250 Quiz: Test yourself on entrepreneurs, brands and big ideas",5,,,,,,,,,Needs draft,
22,Business and Industry,"America 250 Quiz: Test yourself on entrepreneurs, brands and big ideas",6,,,,,,,,,Needs draft,
22,Business and Industry,"America 250 Quiz: Test yourself on entrepreneurs, brands and big ideas",7,,,,,,,,,Needs draft,
22,Business and Industry,"America 250 Quiz: Test yourself on entrepreneurs, brands and big ideas",8,,,,,,,,,Needs draft,
22,Business and Industry,"America 250 Quiz: Test yourself on entrepreneurs, brands and big ideas",9,,,,,,,,,Needs draft,
22,Business and Industry,"America 250 Quiz: Test yourself on entrepreneurs, brands and big ideas",10,,,,,,,,,Needs draft,
23,Holidays and Traditions,"America 250 Quiz: Test yourself on parades, fireworks and national traditions",1,,,,,,,,,Needs draft,
23,Holidays and Traditions,"America 250 Quiz: Test yourself on parades, fireworks and national traditions",2,,,,,,,,,Needs draft,
23,Holidays and Traditions,"America 250 Quiz: Test yourself on parades, fireworks and national traditions",3,,,,,,,,,Needs draft,
23,Holidays and Traditions,"America 250 Quiz: Test yourself on parades, fireworks and national traditions",4,,,,,,,,,Needs draft,
23,Holidays and Traditions,"America 250 Quiz: Test yourself on parades, fireworks and national traditions",5,,,,,,,,,Needs draft,
23,Holidays and Traditions,"America 250 Quiz: Test yourself on parades, fireworks and national traditions",6,,,,,,,,,Needs draft,
23,Holidays and Traditions,"America 250 Quiz: Test yourself on parades, fireworks and national traditions",7,,,,,,,,,Needs draft,
23,Holidays and Traditions,"America 250 Quiz: Test yourself on parades, fireworks and national traditions",8,,,,,,,,,Needs draft,
23,Holidays and Traditions,"America 250 Quiz: Test yourself on parades, fireworks and national traditions",9,,,,,,,,,Needs draft,
23,Holidays and Traditions,"America 250 Quiz: Test yourself on parades, fireworks and national traditions",10,,,,,,,,,Needs draft,
24,Road Trips and Transportation,"America 250 Quiz: Test yourself on highways, railroads and American travel",1,,,,,,,,,Needs draft,
24,Road Trips and Transportation,"America 250 Quiz: Test yourself on highways, railroads and American travel",2,,,,,,,,,Needs draft,
24,Road Trips and Transportation,"America 250 Quiz: Test yourself on highways, railroads and American travel",3,,,,,,,,,Needs draft,
24,Road Trips and Transportation,"America 250 Quiz: Test yourself on highways, railroads and American travel",4,,,,,,,,,Needs draft,
24,Road Trips and Transportation,"America 250 Quiz: Test yourself on highways, railroads and American travel",5,,,,,,,,,Needs draft,
24,Road Trips and Transportation,"America 250 Quiz: Test yourself on highways, railroads and American travel",6,,,,,,,,,Needs draft,
24,Road Trips and Transportation,"America 250 Quiz: Test yourself on highways, railroads and American travel",7,,,,,,,,,Needs draft,
24,Road Trips and Transportation,"America 250 Quiz: Test yourself on highways, railroads and American travel",8,,,,,,,,,Needs draft,
24,Road Trips and Transportation,"America 250 Quiz: Test yourself on highways, railroads and American travel",9,,,,,,,,,Needs draft,
24,Road Trips and Transportation,"America 250 Quiz: Test yourself on highways, railroads and American travel",10,,,,,,,,,Needs draft,
25,America 250 Finale,America 250 Quiz: Test yourself on 250 years of American history,1,,,,,,,,,Needs draft,
25,America 250 Finale,America 250 Quiz: Test yourself on 250 years of American history,2,,,,,,,,,Needs draft,
25,America 250 Finale,America 250 Quiz: Test yourself on 250 years of American history,3,,,,,,,,,Needs draft,
25,America 250 Finale,America 250 Quiz: Test yourself on 250 years of American history,4,,,,,,,,,Needs draft,
25,America 250 Finale,America 250 Quiz: Test yourself on 250 years of American history,5,,,,,,,,,Needs draft,
25,America 250 Finale,America 250 Quiz: Test yourself on 250 years of American history,6,,,,,,,,,Needs draft,
25,America 250 Finale,America 250 Quiz: Test yourself on 250 years of American history,7,,,,,,,,,Needs draft,
25,America 250 Finale,America 250 Quiz: Test yourself on 250 years of American history,8,,,,,,,,,Needs draft,
25,America 250 Finale,America 250 Quiz: Test yourself on 250 years of American history,9,,,,,,,,,Needs draft,
25,America 250 Finale,America 250 Quiz: Test yourself on 250 years of American history,10,,,,,,,,,Needs draft,
